bit_index,mac_auroc_all,mac_auroc_novel,axis2_ood_auroc,mac_bit_prevalence
0,,,,0.0
1,,,,0.0
2,,,,0.0
3,,,,0.0
4,,,,0.0
5,,,,0.0
6,,,,0.0
7,,,0.7815087218687786,0.0
8,,,,0.0
9,,,,0.0
10,,,0.6551227773450541,0.0
11,,,,0.0
12,0.894980694980695,0.7602040816326531,0.6367443359229383,0.003207184092366902
13,1.0,,0.645653291611624,0.0006414368184733803
14,0.9223363286264441,0.913265306122449,0.5676603167571159,0.0006414368184733803
15,0.38510911424903727,0.3431122448979592,0.7177243349963398,0.0006414368184733803
16,0.2615681233933162,0.11862244897959184,0.7613501575848763,0.001924310455420141
17,,,0.4317485613103142,0.0
18,,,0.716003103503463,0.0
19,0.43481053307642903,0.47445721583652617,0.6334712624730963,0.0012828736369467607
20,,,0.5991883986274182,0.0
21,0.6131144022322388,0.4587067861715749,0.6894846751138548,0.003848620910840282
22,0.6523875067089111,0.6289679813109798,0.6730047821942915,0.05003207184092367
23,0.7246474986201015,0.5008525149190111,0.6996078974629188,0.01667735728030789
24,0.6690273003832327,0.5707816791626457,0.8330030305157236,0.09172546504169339
25,0.7578676942838793,,0.7652336370449454,0.0012828736369467607
26,,,0.9697392841437156,0.0
27,0.9145793192035967,0.901021711366539,0.5569053140064374,0.0012828736369467607
28,0.8821801566579635,0.9681122448979592,0.8847986926451084,0.01731879409878127
29,0.8258120776106388,0.598974358974359,0.6015401507760602,0.01924310455420141
30,,,0.4358992951719349,0.0
31,0.96660244059088,0.9591836734693878,0.8990244448792519,0.0012828736369467607
32,0.9445302445302445,0.8652618135376757,0.8598093596398644,0.003207184092366902
33,0.7058445728965961,,0.7667382847109235,0.0012828736369467607
34,,,,0.0
35,0.8235633427067561,0.8179354838709677,0.8596400552983766,0.011545862732520847
36,0.6859015516318887,0.441215634056552,0.7649341584149819,0.05708787684413085
37,0.6105627175031189,0.5085368611488014,0.7906653212394759,0.0391276459268762
38,0.8314251537935748,0.9132566069906224,0.6137909822050261,0.012187299550994226
39,0.8042891319207108,0.7730179028132993,0.5831830707191616,0.012187299550994226
40,0.7500358422939069,0.9029374201787995,0.7137454807891754,0.005772931366260423
41,0.737200956937799,0.7212903225806452,0.8873118695138603,0.012187299550994226
42,0.6128398951648648,0.5405546218487395,0.8190400157549618,0.09429121231558692
43,,,0.5377069499778664,0.0
44,,,0.8667943778427004,0.0
45,0.6412066752246469,,0.9626152343886548,0.0006414368184733803
46,0.7087696335078534,0.6024643320363166,0.8556449026415185,0.019884541372674792
47,0.8453436807095344,0.8679577464788732,0.777485520136461,0.026298909557408594
48,0.8220571381794367,0.5957106274007682,0.71318244979161,0.02052597819114817
49,0.625549787295407,0.5732814526588845,0.7621253438963417,0.011545862732520847
50,0.8002032214360981,0.889030612244898,0.8514277043638023,0.01667735728030789
51,0.7393737911025144,0.7403267973856209,0.8073148013297194,0.03527902501603592
52,0.6164387282120611,0.5283490073145245,0.7600393876526897,0.286722257857601
53,0.6609230277866497,0.6316491479534958,0.7436216575172679,0.6760744066709429
54,0.8932594524119948,0.8322676896845695,0.8586956964804985,0.01603592046183451
55,,,0.7136831270760639,0.0
56,0.7058838269934345,0.6295546558704452,0.6878013078108423,0.05195638229634381
57,0.8401629436224736,0.7175096030729834,0.8564296582661196,0.01731879409878127
58,0.6809632799283512,0.42447582370560544,0.8558736519191003,0.008338678640153944
59,0.7985801217038538,0.7551150895140666,0.8586594634948498,0.01860166773572803
60,0.7737435203966644,0.5965473145780051,0.852741209707342,0.01860166773572803
61,0.7704412603364699,0.729380433931229,0.731945995990462,0.0359204618345093
62,0.717866323907455,,0.7159105060647913,0.001924310455420141
63,0.7266759130836802,0.5134043334557473,0.8728959623141781,0.008980115458627326
64,0.7289561606261669,0.6859329104763527,0.8108424415638129,0.2604233483001924
65,0.7825783721599079,0.607693933629254,0.7450168366254304,0.06093649775497113
66,0.8534937376400791,0.8293589743589743,0.863688372437151,0.026940346375881975
67,0.6347472150814053,0.32397959183673475,0.6261707858703109,0.001924310455420141
68,0.6683619550858653,0.6087485681557846,0.7738134757019872,0.028864656831302116
69,0.6745173745173745,0.4336734693877551,0.6891148371272127,0.003207184092366902
70,0.7518942244969642,0.5814151747655584,0.70423586944352,0.01667735728030789
71,0.6788286275911366,0.6189157103284527,0.8406677704658134,0.10262989095574086
72,0.8216695848836362,0.8471510883482715,0.8573207145715068,0.023091725465041693
73,0.7479730668681658,0.7224473345968673,0.6804755249891591,0.25400898011545864
74,0.6406850853548967,0.5458333333333334,0.7371658173182842,0.10198845413726748
75,0.6171174216813162,0.6259959236612933,0.7593762151234342,0.01860166773572803
76,0.6409025417790701,0.5223751871379287,0.8358825760778049,0.2508017960230917
77,0.6256981164129026,0.5735251320001662,0.712135603995397,0.08466966003848621
78,0.7276652112490614,0.6670881807452369,0.7679729149860113,0.6369467607440668
79,0.6140527864194074,0.5071347554059493,0.8243747163274013,0.1930724823604875
80,0.7882495176526598,0.535922181372549,0.8882562839641063,0.03399615137908916
81,0.5995590757078455,0.48980761785639837,0.6688378406287213,0.30532392559332905
82,0.7065590514063312,0.6758865248226951,0.5605536351877629,0.28608082103912763
83,0.6185449577474983,0.5697612612612613,0.7305093815145476,0.6504169339320077
84,0.6049046798616072,0.45827230046948364,0.8217559772303586,0.13598460551635663
85,0.6565944355270197,0.5287097109946919,0.8621670047250861,0.1436818473380372
86,0.8913363372506038,0.8500997257541759,0.9217835568436604,0.042334830019243104
87,0.7003495217071376,0.6309201939213127,0.870612220980435,0.12828736369467608
88,0.6323884359579489,0.55549492807849,0.8522148495554367,0.1892238614496472
89,0.721365853254271,0.6312859798848643,0.6954445907876364,0.72674791533034
90,0.6861002723749573,0.6660178253119429,0.7543522188930426,0.5368826170622194
91,0.6970912149605837,0.5659127663622526,0.7805536748351501,0.6991661321359846
92,0.6510443609500214,0.5430597771023303,0.6866707726144528,0.2379730596536241
93,0.7660887452248015,0.7039531318440648,0.8122392574531311,0.05323925593329057
94,0.7405700487176958,0.6571623521627658,0.7929047349882309,0.7735728030788968
95,0.7233006409011459,0.6857019601499097,0.5688819561322156,0.30468248877485565
96,0.6491585473870681,0.5612290008841734,0.8130699751586489,0.2758178319435536
97,0.6674296836449367,0.5775342077564569,0.6094618346727192,0.10006414368184734
98,0.5985008061580069,0.5310968137254902,0.7588317736697519,0.0327132777421424
99,0.6470844268419715,0.5737289474062055,0.8632007618941715,0.3373957665169981
100,0.7209460796517232,0.6672681419085305,0.2925071979901762,0.15202052597819116
101,0.8412579408737624,0.7367792875504957,0.7445201238065029,0.048749198203976905
102,0.9195995772932988,0.9422827496757459,0.8966532162140775,0.03720333547145606
103,0.692479399101422,0.6051847633233303,0.6782081599636453,0.7190506735086594
104,0.7457876576480145,0.694794860685242,0.3131843321260416,0.15458627325208468
105,0.6482898469184424,0.4975274849058304,0.8302563990603813,0.22706863373957664
106,0.8984771105661977,0.8552960800667223,0.9214298174506468,0.04682488774855677
107,0.7290177047261377,0.49442586399108135,0.796498672723229,0.09300833867864015
108,0.5811884352206933,0.46464449076486597,0.7083766459800129,0.12508017960230916
109,0.7690181058495821,0.6463941605839416,0.7899031265132725,0.7697241821680565
110,0.7218945720250523,0.6689382395545272,0.8578970926678795,0.6927517639512508
111,0.7883861230666591,0.6527573722321335,0.7454978393509962,0.1141757536882617
112,0.7324913684757955,0.6702513017885442,0.7813328189853193,0.2187299550994227
113,0.7862438912307679,0.7302328890575346,0.7297046120493713,0.10391276459268763
114,0.7488667387282694,0.6695430215059908,0.805657358561803,0.2604233483001924
115,0.6475914615587526,0.4826529281335594,0.7877134418928067,0.14175753688261705
116,0.7586453943690423,0.6467445255474454,0.7929853106398439,0.7735728030788968
117,0.6876655315928868,0.6407455180321033,0.8220644791774074,0.43489416292495187
118,0.6092406192266038,0.5327401987278094,0.6849483712702921,0.08466966003848621
119,0.6501504294518221,0.5564435564435565,0.6734550717053083,0.18794098781270044
120,0.7136222851746932,0.6946942204301076,0.8612785621640462,0.3207184092366902
121,0.6387299637299637,0.5454167564738122,0.8192053442905645,0.16933932007697242
122,0.6824565607222359,0.6319369779174593,0.7567514277292603,0.8005131494547787
123,0.7978656403079076,0.7305859596150216,0.7905862683420672,0.08338678640153944
124,0.7812421367162927,0.7220682740435476,0.671546034617505,0.19499679281590762
125,0.6969753547423451,0.6553739980078737,0.7786997512357309,0.14111610006414368
126,0.6875851756511205,0.6137479541734862,0.8152990308978156,0.2668377164849262
127,0.6077551383914656,0.4730018053504021,0.8230532112885628,0.15266196279666452
128,0.756223418945043,0.7252948201224063,0.8400215626910454,0.18216805644644002
129,0.8503964576253733,0.6210585585585586,0.8210534626392939,0.04169339320076972
130,0.7092338026296842,0.6199584663440085,0.6923242870138514,0.8184733803720333
131,0.5938628221027973,0.5089142536797778,0.7636838436379456,0.39448364336112896
132,0.7034713554942253,0.6401055085265612,0.7669204936312412,0.10455420141116101
133,0.8884105532919117,0.8359942809484094,0.9173412140029754,0.04682488774855677
134,0.7307593536407095,0.6548993288590604,0.7710425986897332,0.09172546504169339
135,0.7336369101292455,0.6717028453770837,0.7701061955462464,0.7113534316869788
136,0.725536047828319,0.7117237864527488,0.6206092572931498,0.3450930083386786
137,0.5901659817903473,0.5486242805336528,0.8188892013688924,0.11545862732520847
138,0.6474925797674993,0.4867124332570557,0.6822509498546199,0.8005131494547787
139,0.7261219484409658,0.6569535692954893,0.9242588322272458,0.43361128928800513
140,0.7749202986869907,0.6792084147507589,0.8206666549776741,0.19114817190506736
141,0.8164145477953009,0.7371335399715873,0.9062609046337492,0.7665169980756895
142,0.7043889646005789,0.6397181932765206,0.8101043519919988,0.2668377164849262
143,0.6884197815507417,0.6347435897435897,0.6852966826047493,0.12957023733162285
144,0.7884886126381521,0.7126349527665317,0.7586703766791767,0.0949326491340603
145,0.7362874330399,0.6414609511927041,0.8948264384834912,0.796023091725465
146,0.687428548506789,0.6502837876539354,0.8164594434693533,0.4381013470173188
147,0.6834765814851763,0.5529438849775719,0.8093685293434772,0.20141116100064144
148,0.7795887869731011,0.695989950874498,0.8053970411746072,0.3976908274534958
149,0.6693343482998462,0.58984593837535,0.7152588059942941,0.2026940346375882
150,0.7799629092081923,0.7395648400205151,0.8086060386371703,0.849903784477229
151,0.7156733182300129,0.6450685537372844,0.8627704161997277,0.31494547787042976
152,0.594163999947324,0.5036263436318026,0.8038863747265993,0.5073765234124439
153,0.7484546253693936,0.6831965344277245,0.7471565825476123,0.9025016035920462
154,0.7049094606626731,0.6464217985826928,0.722387960344865,0.8062860808210391
155,0.8207021038217353,0.7784756133435312,0.9429007946862024,0.8883899935856319
156,0.7623326286116984,0.5987249449050268,0.8123820566466491,0.9172546504169339
157,0.7897101687438915,0.6648453132214869,0.8896678554713038,0.8935214881334188
158,0.8132376081825334,0.7030358298523268,0.8612624548700979,0.9204618345093009
159,0.7123122175803565,0.6110375017861087,0.7924340553124494,0.5933290570878769
160,0.8449871384653993,0.7314011274291647,0.9764543108554276,0.9294419499679282
161,0.788974959793298,0.7412718285796261,0.8294359714670286,0.517639512508018
162,0.7824651576554315,0.7488081710486789,0.6701679554852791,0.4842847979474022
163,0.8339264895379517,0.6302164502164502,0.8597559131454379,0.9724182168056447
164,0.7652297999652823,0.742820482294271,,0.5907633098139833
165,,,,0.0
